Host,Category
George Carlin,Comedian
Paul Simon,Musician
Rob Reiner,Actor
Candice Bergen,Actor
Robert Klein,Comedian
Lily Tomlin,Actor
Richard Pryor,Comedian
Candice Bergen,Actor
Elliott Gould,Actor
Buck Henry,Actor
Peter Cook & Dudley Moore,Actor
Dick Cavett,Other
Peter Boyle,Actor
Desi Arnaz,Actor
Jill Clayburgh,Actor
Anthony Perkins,Actor
Ron Nessen,Other
Raquel Welch,Actor
Madeline Kahn,Actor
Dyan Cannon,Actor
Buck Henry,Actor
Elliott Gould,Actor
Louise Lasser,Actor
Kris Kristofferson,Musician
Lily Tomlin,Actor
Norman Lear,Other
Eric Idle,Actor
Karen Black,Actor
Steve Martin,Comedian
Buck Henry,Actor
Dick Cavett,Other
Paul Simon,Musician
Jodie Foster,Actor
Candice Bergen,Actor
Ralph Nader,Other
Ruth Gordon,Actor
Fran Tarkenton,Other
Live from Mardi Gras,Other
Steve Martin,Comedian
Sissy Spacek,Actor
Broderick Crawford,Actor
Jack Burns,Comedian
Julian Bond,Other
Elliott Gould,Actor
Eric Idle,Actor
Shelley Duvall,Actor
Buck Henry,Actor
Steve Martin,Comedian
Madeline Kahn,Actor
Hugh Hefner,Other
Charles Grodin,Actor
Ray Charles,Musician
Buck Henry,Actor
Mary Kay Place,Actor
Miskel Spillman,Other
Steve Martin,Comedian
Robert Klein,Comedian
Chevy Chase,Actor
O.J. Simpson,Other
Art Garfunkel,Musician
Jill Clayburgh,Musician
Christopher Lee,Actor
Michael Palin,Actor
Michael Sarrazin,Actor
Steve Martin,Comedian
Richard Dreyfuss,Actor
Buck Henry,Actor
The Rolling Stones,Musician
Fred Willard,Actor
Frank Zappa,Musician
Steve Martin,Comedian
Buck Henry,Actor
Carrie Fisher,Actor
Walter Matthau,Actor
Eric Idle,Actor
Elliott Gould,Actor
Michael Palin,Actor
Cicely Tyson,Actor
Ricky Nelson,Musician
Kate Jackson,Actor
Gary Busey,Actor
Margot Kidder,Actor
Richard Benjamin,Actor
Milton Berle,Actor
Michael Palin,Actor
Maureen Stapleton,Actor
Buck Henry,Actor
Steve Martin,Comedian
Eric Idle,Actor
Bill Russell,Other
Buck Henry,Actor
Bea Arthur,Actor
Howard Hesseman,Actor
Martin Sheen,Actor
Ted Knight,Actor
Teri Garr,Actor
Chevy Chase,Actor
Elliott Gould,Actor
Kirk Douglas,Actor
Rodney Dangerfield,Actor
"Paul Simon, James Taylor & David Sanborn",Musician
"Richard Benjamin, Paula Prentiss",Other
Burt Reynolds,Actor
Strother Martin,Actor
Bob Newhart,Comedian
Steve Martin,Comedian
Buck Henry,Actor
Elliott Gould,Actor
Malcolm McDowell,Actor
Ellen Burstyn,Actor
Jamie Lee Curtis,Actor
David Carradine,Actor
Ray Sharkey,Actor
Karen Black,Actor
Robert Hays,Actor
Sally Kellerman,Actor
Deborah Harry,Musician
Charlene Tilton,Actor
Bill Murray,Actor
Jr. Walker & the All-Stars,Musician
Rod Stewart,Musician
Susan Saint James,Actor
George Kennedy,Actor
Donald Pleasance,Actor
Lauren Hutton,Actor
Bernadette Peters,Actor
Tim Curry,Actor
Bill Murray,Actor
Robert Conrad,Actor
John Madden,Other
James Coburn,Actor
Bruce Dern,Actor
Elizabeth Ashley,Actor
Robert Urich,Actor
Blythe Danner,Actor
Daniel J. Travanti,Actor
Johnny Cash,Musician
Robert Culp,Actor
Danny DeVito,Actor
Olivia Newton-John,Musician
Chevy Chase,Actor
Louis Gossett Jr,Actor
Ron Howard,Other
Howard Hesseman,Actor
Michael Keaton,Actor
Robert Blake,Actor
Drew Barrymore,Actor
The Smothers Brothers,Musician
Eddie Murphy,Actor
Lily Tomlin,Actor
Rick Moranis and Dave Thomas,Actor
Sid Caesar,Actor
Howard Hesseman,Actor
Beau and Jeff Bridges,Actor
Bruce Dern,Actor
Robert Guilaume,Actor
Joan Rivers,Comedian
Susan Saint James,Actor
Stevie Wonder,Musician
Mayor Ed Koch,Other
Brandon Tartikoff,Other
Danny DeVito & Rhea Pearlman,Actor
John Candy,Actor
Betty Thomas,Actor
Teri Garr,Actor
Jerry Lewis,Actor
The Smothers Brothers,Musician
Flip Wilson,Comedian
Father Guido Sarducci,Actor
Michael Palin and his mother,Actor
Don Rickles,Comedian
Robin Williams,Actor
Jamie Lee Curtis,Actor
Edwin Newman,Other
Billy Crystal,Actor
Michael Douglas,Actor
George McGovern,Other
Barry Bostwick,Actor
Billy Crystal,Actor
Thompson Twins,Musician
Bob Uecker,Other
Jesse Jackson,Other
Michael McKean,Actor
George Carlin,Comedian
Ed Asner,Actor
Ed Begley Jr,Actor
Ringo Starr,Musician
Eddie Murphy,Actor
Kathleen Turner,Actor
Roy Scheider,Actor
Alex Karras,Other
Harry Anderson,Actor
Pamela Sue Martin,Actor
SNL Film Festival,Other
Mr. T and Hulk Hogan,Actor
Christopher Reeve,Actor
Howard Cosell,Other
Madonna,Musician
Chevy Chase,Actor
Pee Wee Herman,Comedian
John Lithgow,Actor
Tom Hanks,Actor
Teri Garr,Actor
Harry Dean Stanton,Actor
Dudley Moore,Actor
Ron Reagan,Other
Jerry Hall,Actor
Jay Leno,Other
Griffin Dunne,Actor
George Wendt and Francis Ford Coppola,Other
Oprah Winfrey,Other
Tony Danza,Actor
Catherine Oxenberg and Paul Simon,Other
Jimmy Breslin and Marvin Hagler,Other
Anjelica Huston and Billy Martin,Other
Sigourney Weaver,Actor
Malcolm-Jamal Warner,Actor
Rosanna Arquette,Actor
Sam Kinison,Comedian
Robin Williams,Actor
Chevy Chase,Actor
Steve Guttenberg,Actor
William Shatner,Actor
Walter Payton & Joe Montana,Other
Paul Shaffer,Musician
Bronson Pinchot,Actor
Willie Nelson,Musician
Valerie Bertinelli,Actor
Bill Murray,Actor
Charlton Heston,Actor
John Lithgow,Actor
John Larroquette,Actor
Mark Harmon,Actor
Garry Shandling,Actor
Dennis Hopper,Actor
Steve Martin,Comedian
Sean Penn,Actor
Dabney Coleman,Actor
Robert Mitchum,Actor
Candice Bergen,Actor
Danny DeVito,Actor
Angie Dickinson,Actor
Paul Simon,Musician
Robin Williams,Actor
Carl Weathers,Actor
Justine Bateman,Actor
Tom Hanks,Actor
Judge Reinhold,Actor
Tom Hanks,Actor
Matthew Broderick,Actor
John Larroquette,Actor
Matthew Modine,Actor
Demi Moore,Actor
John Lithgow,Actor
Danny DeVito,Actor
Kevin Kline,Actor
Melanie Griffith,Actor
John Malkovich,Actor
Tony Danza,Actor
Ted Danson,Actor
Leslie Nielsen,Actor
Glenn Close,Actor
Mary Tyler Moore,Actor
Mel Gibson,Actor
Dolly Parton,Musician
Geena Davis,Actor
Wayne Gretzky,Other
Steve Martin,Comedian
Bruce Willis,Actor
Rick Moranis,Actor
Kathleen Turner,Actor
James Woods,Actor
Chris Evert,Other
Woody Harrelson,Actor
John Goodman,Actor
Robert Wagner,Actor
Andie MacDowell,Actor
Ed O'Neill,Actor
Christopher Walken,Actor
Quincy Jones & Co.,Musician
Tom Hanks,Actor
Fred Savage,Actor
Rob Lowe,Actor
Debra Winger,Actor
Corbin Bernsen,Actor
Alec Baldwin,Actor
Andrew Dice Clay,Comedian
Candice Bergen,Actor
Kyle MacLachlan,Actor
Susan Lucci,Actor
George Steinbrenner,Other
Patrick Swayze,Actor
Jimmy Smits,Actor
Dennis Hopper,Actor
John Goodman,Actor
Tom Hanks,Actor
Dennis Quaid,Actor
Joe Mantegna,Actor
Sting,Musician
Kevin Bacon,Actor
Roseanne Barr,Actor
Alec Baldwin,Actor
Michael J. Fox,Actor
Jeremy Irons,Actor
Catherine O'Hara,Actor
Steven Seagal,Actor
Delta Burke,Actor
George Wendt,Actor
Michael Jordan,Other
Jeff Daniels,Actor
Kirstie Alley,Actor
Christian Slater,Actor
Kiefer Sutherland,Actor
Linda Hamilton,Actor
Macaulay Culkin,Actor
Hammer,Musician
Steve Martin,Comedian
Rob Morrow,Actor
Chevy Chase,Actor
Susan Dey,Actor
Jason Priestley,Actor
Roseanne & Tom Arnold,Actor
John Goodman,Actor
Mary Stuart Masterson,Actor
Sharon Stone,Actor
Jerry Seinfeld,Comedian
Tom Hanks,Actor
Woody Harrelson,Actor
Nicolas Cage,Actor
Tim Robbins,Actor
Joe Pesci,Actor
Christopher Walken,Actor
Catherine O'Hara,Actor
Michael Keaton,Actor
Sinbad,Comedian
Tom Arnold,Actor
Glenn Close,Actor
Danny DeVito,Actor
Harvey Keitel,Actor
Luke Perry,Actor
Alec Baldwin,Actor
Bill Murray,Actor
John Goodman,Actor
Miranda Richardson,Actor
Jason Alexander,Actor
Kirstie Alley,Actor
Christina Applegate,Actor
Kevin Kline,Actor
Charles Barkley,Other
Shannen Doherty,Actor
Jeff Goldblum,Actor
John Malkovich,Actor
Christian Slater,Actor
Rosie O'Donnell,Comedian
Nicole Kidman,Actor
Charlton Heston,Actor
Sally Field,Actor
Jason Patric,Actor
Sara Gilbert,Actor
Patrick Stewart,Actor
Alec Baldwin & Kim Basinger,Actor
Martin Lawrence,Actor
Nancy Kerrigan,Other
Helen Hunt,Actor
Kelsey Grammer,Actor
Emilio Estevez,Actor
John Goodman,Actor
Heather Locklear,Actor
Steve Martin,Comedian
Marisa Tomei,Actor
John Travolta,Actor
Dana Carvey,Comedian
Sarah Jessica Parker,Actor
John Turturro,Actor
Roseanne,Actor
Alec Baldwin,Actor
George Foreman,Other
Jeff Daniels,Actor
David Hyde Pierce,Actor
Bob Newhart,Comedian
Deion Sanders,Other
George Clooney,Actor
Paul Reiser,Actor
John Goodman,Actor
Damon Wayans,Comedian
Courteney Cox,Actor
Bob Saget,Comedian
David Duchovny,Actor
Mariel Hemingway,Actor
Chevy Chase,Actor
David Schwimmer,Actor
Gabriel Byrne,Actor
Quentin Tarantino,Other
Laura Leighton,Actor
Anthony Edwards,Actor
David Alan Grier,Actor
Madeline Kahn,Actor
Christopher Walken,Actor
Alec Baldwin,Actor
Danny Aiello,Actor
Tom Arnold,Actor
Elle MacPherson,Other
John Goodman,Actor
Phil Hartman,Comedian
Steve Forbes,Other
Teri Hatcher,Actor
Christine Baranski,Actor
Jim Carrey,Actor
Tom Hanks,Actor
Lisa Kudrow,Actor
Bill Pullman,Actor
Dana Carvey,Comedian
Chris Rock,Comedian
Robert Downey Jr,Actor
Phil Hartman,Comedian
Martin Short,Actor
Rosie O'Donnell,Comedian
Kevin Spacey,Actor
David Alan Grier,Actor
Neve Campbell,Actor
Chevy Chase,Actor
Alec Baldwin,Actor
Sting,Musician
Mike Myers,Actor
Rob Lowe,Actor
Pamela Lee,Actor
John Goodman,Actor
Jeff Goldblum,Actor
Sylvester Stallone,Actor
Matthew Perry,Actor
Brendan Fraser,Actor
Chris Farley,Actor
Jon Lovitz,Actor
Claire Danes,Actor
Mayor Rudy Giuliani,Other
Nathan Lane,Actor
Helen Hunt,Actor
Samuel L. Jackson,Actor
Sarah Michelle Gellar,Actor
John Goodman,Actor
Roma Downey,Actor
Garth Brooks,Musician
Scott Wolf,Actor
Julianne Moore,Actor
Steve Buscemi,Actor
Greg Kinnear,Actor
Matthew Broderick,Actor
David Duchovny,Actor
Cameron Diaz,Actor
Kelsey Grammer,Actor
Lucy Lawless,Actor
Ben Stiller,Actor
David Spade,Actor
Joan Allen,Actor
Jennifer Love Hewitt,Actor
Vince Vaughn,Actor
Alec Baldwin,Actor
Bill Paxton,Actor
James Van Der Beek,Actor
Gwyneth Paltrow,Actor
Brendan Fraser,Actor
Bill Murray,Actor
Ray Romano,Actor
Drew Barrymore,Actor
John Goodman,Actor
"Cuba Gooding, Jr.",Actor
Sarah Michelle Gellar,Actor
Jerry Seinfeld,Actor
Heather Graham,Actor
Norm Macdonald,Comedian
Dylan McDermott,Actor
Garth Brooks,Musician
Jennifer Aniston,Actor
Christina Ricci,Actor
Danny DeVito,Actor
Jamie Foxx,Actor
"Freddie Prinze, Jr.",Actor
Alan Cumming,Actor
Julianna Margulies,Actor
Ben Affleck,Actor
Joshua Jackson,Actor
The Rock,Actor
Christopher Walken,Actor
Tobey Maguire,Actor
John Goodman,Actor
Britney Spears,Musician
Jackie Chan,Actor
Rob Lowe,Actor
Kate Hudson,Actor
Dana Carvey,Comedian
Charlize Theron,Actor
Calista Flockhart,Actor
Tom Green,Comedian
Val Kilmer,Actor
Lucy Liu,Actor
Charlie Sheen,Actor
Mena Suvari,Actor
Jennifer Lopez,Musician
Sean Hayes,Actor
Katie Holmes,Actor
Conan O'Brien,Other
Julia Stiles,Actor
Alec Baldwin,Actor
Renée Zellweger,Actor
Pierce Brosnan,Actor
Lara Flynn Boyle,Actor
Christopher Walken,Actor
Reese Witherspoon,Actor
Seann William Scott,Actor
Drew Barrymore,Actor
John Goodman,Actor
Gwyneth Paltrow,Actor
Billy Bob Thornton,Actor
Derek Jeter,Other
Hugh Jackman,Actor
Ellen Degeneres,Comedian
Josh Hartnett,Actor
Jack Black,Actor
Britney Spears,Actor
Jonny Moseley,Other
Jon Stewart,Comedian
Ian McKellen,Actor
Cameron Diaz,Actor
The Rock,Actor
Alec Baldwin,Actor
Kirsten Dunst,Actor
Winona Ryder,Actor
Matt Damon,Actor
Sarah Michelle Gellar,Actor
Senator John McCain,Other
Eric McCormack,Actor
Nia Vardalos,Actor
Brittany Murphy,Actor
Robert De Niro,Actor
Al Gore,Other
Jeff Gordon,Other
Ray Liotta,Actor
Matthew McConaughey,Actor
Jennifer Garner,Actor
Christopher Walken,Actor
Queen Latifah,Musician
Salma Hayek,Actor
Bernie Mac,Comedian
Ray Romano,Actor
Ashton Kutcher,Actor
Adrien Brody,Actor
Dan Aykroyd,Actor
Jack Black,Actor
Justin Timberlake,Musician
Halle Berry,Actor
Kelly Ripa,Actor
Andy Roddick,Other
Alec Baldwin,Actor
Al Sharpton,Other
Elijah Wood,Actor
Jennifer Aniston,Actor
Jessica Simpson and Nick Lachey,Musician
Megan Mullally,Actor
Drew Barrymore,Actor
Christina Aguilera,Musician
Colin Firth,Actor
Ben Affleck,Actor
Donald Trump,Other
Janet Jackson,Musician
Lindsay Lohan,Actor
Snoop Dogg,Musician
Mary-Kate & Ashley Olsen,Actor
Ben Affleck,Actor
Queen Latifah,Musician
Jude Law,Actor
Kate Winslet,Actor
Liam Neeson,Actor
Luke Wilson,Actor
Colin Farrell,Actor
Robert De Niro,Actor
Topher Grace,Actor
Paul Giamatti,Actor
Paris Hilton,Actor
Jason Bateman,Actor
Hilary Swank,Actor
David Spade,Actor
Ashton Kutcher,Actor
Cameron Diaz,Actor
Tom Brady,Other
Johnny Knoxville,Other
Will Ferrell,Actor
Lindsay Lohan,Actor
Steve Carell,Actor
Jon Heder,Actor
Catherine Zeta-Jones,Actor
Lance Armstrong,Other
Jason Lee,Actor
Eva Longoria,Actor
Dane Cook,Comedian
Alec Baldwin,Actor
Jack Black,Actor
Scarlett Johansson,Actor
Peter Sarsgaard,Actor
Steve Martin,Comedian
Natalie Portman,Actor
Matt Dillon,Actor
Antonio Banderas,Actor
Lindsay Lohan,Actor
Tom Hanks,Actor
Julia Louis-Dreyfus,Actor
Kevin Spacey,Actor
Dane Cook,Comedian
Jaime Pressly,Actor
John C. Reilly,Actor
Hugh Laurie,Actor
Alec Baldwin,Actor
Chris 'Ludacris' Bridges,Musician
Matthew Fox,Actor
Annette Bening,Actor
Justin Timberlake,Musician
Jake Gyllenhaal,Actor
Jeremy Piven,Actor
Drew Barrymore,Actor
Forest Whitaker,Actor
Rainn Wilson,Actor
Julia Louis-Dreyfus,Actor
Peyton Manning,Other
Shia LaBeouf,Actor
Scarlett Johansson,Actor
Molly Shannon,Actor
Zach Braff,Actor
LeBron James,Other
Seth Rogen,Actor
Jon Bon Jovi,Musician
Brian Williams,Other
Tina Fey,Actor
Ellen Page,Actor
Amy Adams,Actor
Jonah Hill,Actor
Christopher Walken,Actor
Ashton Kutcher,Actor
Shia LaBeouf,Actor
Steve Carell,Actor
Michael Phelps,Other
James Franco,Actor
Anna Faris,Actor
Anne Hathaway,Actor
Josh Brolin,Actor
Jon Hamm,Actor
Ben Affleck,Actor
Paul Rudd,Actor
Tim McGraw,Musician
John Malkovich,Actor
Hugh Laurie,Actor
Neil Patrick Harris,Actor
Rosario Dawson,Actor
Steve Martin,Comedian
Bradley Cooper,Actor
Alec Baldwin,Actor
Dwayne Johnson,Actor
Tracy Morgan,Comedian
Seth Rogen,Actor
Zac Efron,Actor
Justin Timberlake,Musician
Will Ferrell,Actor
Megan Fox,Actor
Ryan Reynolds,Actor
Drew Barrymore,Actor
Gerard Butler,Actor
Taylor Swift,Musician
January Jones,Actor
Joseph Gordon-Levitt,Actor
Blake Lively,Actor
Taylor Lautner,Actor
James Franco,Actor
Charles Barkley,Other
Sigourney Weaver,Actor
Jon Hamm,Actor
Ashton Kutcher,Actor
Jennifer Lopez,Musician
Zach Galifianakis,Comedian
Jude Law,Actor
Tina Fey,Actor
Ryan Phillippe,Actor
Gabourey Sidibe,Actor
Betty White,Actor
Alec Baldwin,Actor
Amy Poehler,Actor
Bryan Cranston,Actor
Jane Lynch,Actor
Emma Stone,Actor
Jon Hamm,Actor
Scarlett Johansson,Actor
Anne Hathaway,Actor
Robert De Niro,Actor
Paul Rudd,Actor
Jeff Bridges,Actor
Jim Carrey,Actor
Gwyneth Paltrow,Actor
Jesse Eisenberg,Actor
Dana Carvey,Comedian
Russell Brand,Actor
Miley Cyrus,Musician
Zach Galifianakis,Comedian
Elton John,Musician
Helen Mirren,Actor
Tina Fey,Actor
Ed Helms,Actor
Justin Timberlake,Musician
Alec Baldwin,Actor
Melissa McCarthy,Actor
Ben Stiller,Actor
Anna Faris,Actor
Charlie Day,Actor
Emma Stone,Actor
Jason Segel,Actor
Steve Buscemi,Actor
Katy Perry,Musician
Jimmy Fallon,Other
Charles Barkley,Other
Daniel Radcliffe,Actor
Channing Tatum,Actor
Zooey Deschanel,Actor
Maya Rudolph,Actor
Lindsay Lohan,Actor
Jonah Hill,Actor
Sofía Vergara,Actor
Josh Brolin,Actor
Eli Manning,Other
Will Ferrell,Actor
Mick Jagger,Musician
Seth MacFarlane,Actor
Joseph Gordon-Levitt,Actor
Daniel Craig,Actor
Christina Applegate,Actor
Bruno Mars,Musician
Louis C.K.,Comedian
Anne Hathaway,Actor
Jeremy Renner,Actor
Jamie Foxx,Actor
Martin Short,Actor
Jennifer Lawrence,Actor
Adam Levine,Musician
Justin Bieber,Musician
Christoph Waltz,Actor
Kevin Hart,Comedian
Justin Timberlake,Musician
Melissa McCarthy,Actor
Vince Vaughn,Actor
Zach Galifianakis,Comedian
Kristen Wiig,Actor
Ben Affleck,Actor
Tina Fey,Actor
Miley Cyrus,Musician
Bruce Willis,Actor
Edward Norton,Actor
Kerry Washington,Actor
Lady Gaga,Musician
Josh Hutcherson,Actor
Paul Rudd,Actor
John Goodman,Actor
Jimmy Fallon,Other
Drake,Musician
Jonah Hill,Actor
Melissa McCarthy,Actor
Jim Parsons,Actor
Lena Dunham,Other
Louis C.K.,Comedian
Anna Kendrick,Actor
Seth Rogen,Actor
Andrew Garfield,Actor
Charlize Theron,Actor
Andy Samberg,Actor
Chris Pratt,Actor
Sarah Silverman,Comedian
Bill Hader,Actor
Jim Carrey,Actor
Chris Rock,Comedian
Woody Harrelson,Actor
Cameron Diaz,Actor
James Franco,Actor
Martin Freeman,Actor
Amy Adams,Actor
Kevin Hart,Comedian
Blake Shelton,Musician
J.K. Simmons,Actor
Dakota Johnson,Actor
Chris Hemsworth,Actor
Dwayne Johnson,Actor
Michael Keaton,Actor
Taraji P. Henson,Actor
Scarlett Johansson,Actor
Reese Witherspoon,Actor
Louis C.K.,Comedian
Miley Cyrus,Musician
Amy Schumer,Comedian
Tracy Morgan,Comedian
Donald Trump,Other
Elizabeth Banks,Actor
Matthew McConaughey,Actor
Ryan Gosling,Actor
Chris Hemsworth,Actor
Tina Fey & Amy Poehler,Actor
Adam Driver,Actor
Ronda Rousey,Actor
Larry David,Comedian
Melissa McCarthy,Actor
Jonah Hill,Actor
Ariana Grande,Musician
Peter Dinklage,Actor
Russell Crowe,Actor
Julia Louis-Dreyfus,Actor
Brie Larson,Actor
Drake,Musician
Fred Armisen,Comedian
Margot Robbie,Actor
Lin-Manuel Miranda,Musician
Emily Blunt,Actor
Tom Hanks,Actor
Benedict Cumberbatch,Actor
Dave Chappelle,Comedian
Kristen Wiig,Actor
Emma Stone,Actor
John Cena,Actor
Casey Affleck,Actor
Felicity Jones,Actor
Aziz Ansari,Actor
Kristen Stewart,Actor
Alec Baldwin,Actor
Octavia Spencer,Actor
Scarlett Johansson,Actor
Louis C.K.,Comedian
Jimmy Fallon,Comedian
Chris Pine,Actor
Melissa McCarthy,Actor
Dwayne Johnson,Actor
Ryan Gosling,Actor
Gal Gadot,Actor
Kumail Nanjiani,Actor
Larry David,Comedian
Tiffany Haddish,Comedian
Chance the Rapper,Musician
Saoirse Ronan,Actor
James Franco,Actor
Kevin Hart,Comedian
Sam Rockwell,Actor
Jessica Chastain,Actor
Will Ferrell,Actor
Natalie Portman,Actor
Charles Barkley,Other
Sterling K. Brown,Actor
Bill Hader,Actor
Chadwick Boseman,Actor
John Mulaney,Comedian
Donald Glover,Actor
Amy Schumer,Comedian
Tina Fey,Actor
Adam Driver,Actor
Awkwafina,Actor
Seth Meyers,Comedian
Jonah Hill,Musician
Liev Schreiber,Actor
Steve Carell,Actor
Claire Foy,Actor
Jason Momoa,Actor
Matt Damon,Actor
Rachel Brosnahan,Other
James McAvoy,Actor
Halsey,Musician
Don Cheadle,Comedian
John Mulaney,Comedian
Idris Elba,Actor
Sandra Oh,Actor
Kit Harington,Actor
Emma Stone,Actor
Adam Sandler,Comedian
Emma Thompson,Actor
Paul Rudd,Actor
Woody Harrelson,Actor
Phoebe Waller-Bridge,Actor
David Harbour,Actor
Chance the Rapper,Musician
Kristen Stewart,Actor
Harry Styles,Musician
Will Ferrell,Musician
Jennifer Lopez,Musician
Scarlett Johansson,Actor
Eddie Murphy,Actor
Adam Driver,Actor
JJ Watt,Other
RuPaul,Other
John Mulaney,Comedian
Daniel Craig,Actor
Tom Hanks,Actor
Brad Pitt,Actor
Kristen Wiig,Actor
Chris Rock,Comedian
Bill Burr,Comedian
Issa Rae,Actor
Adele,Musician
John Mulaney,Comedian
Dave Chappelle,Comedian
Jason Bateman,Actor
Timothée Chalamet,Actor
Kristen Wiig,Actor
John Krasinski,Actor
Dan Levy,Actor
Regina King,Actor
Regé-Jean Page,Actor
Nick Jonas,Musician
Maya Rudolph,Actor
Daniel Kaluuya,Actor
Carey Mulligan,Actor
Elon Musk,Other
Keegan-Michael Key,Actor
Anya Taylor-Joy,Actor
Owen Wilson,Actor
Kim Kardashian West,Other
Rami Malek,Actor
Jason Sudeikis,Actor
Kieran Culkin,Actor
Jonathan Majors,Actor
Simu Liu,Actor
Billie Eilish,Musician
Paul Rudd,Actor
Ariana DeBose,Actor
Will Forte,Comedian
Willem Dafoe,Actor
John Mulaney,Comedian
Oscar Isaac,Actor
Zoë Kravitz,Actor
Jerrod Carmichael,Comedian
Jake Gyllenhaal,Actor
Lizzo,Musician
Benedict Cumberbatch,Actor
Selena Gomez,Musician
Natasha Lyonne,Actor
Miles Teller,Actor
Brendan Gleeson,Actor
Megan Thee Stallion,Musician
Jack Harlow,Musician
Amy Schumer,Comedian
Dave Chappelle,Comedian
Keke Palmer,Actor
Steve Martin and Martin Short,Comedian
Austin Butler,Actor
Aubrey Plaza,Actor
Michael B. Jordan,Actor
Pedro Pascal,Actor
Woody Harrelson,Actor
Travis Kelce,Other
Jenna Ortega,Actor
Quinta Brunson,Other
Molly Shannon,Actor
Ana de Armas,Actor
Pete Davidson,Actor
Bad Bunny,Musician
Nate Bargatze,Comedian
Timothée Chalamet,Actor